{
  "collapse-filter": false,
  "search": "",
  "showTags": false,
  "showAttachments": false,
  "hideUnresolved": false,
  "showOrphans": false,
  "collapse-color-groups": false,
  "colorGroups": [
    {
      "query": "tag:#Type/Unfinished  ",
      "color": {
        "a": 1,
        "rgb": 16711935
      }
    },
    {
      "query": "tag:#Topic/Real_Analysis  ",
      "color": {
        "a": 1,
        "rgb": 16203840
      }
    },
    {
      "query": "tag:#Topic/Set_Theory  ",
      "color": {
        "a": 1,
        "rgb": 11657298
      }
    },
    {
      "query": "tag:#Topic/Abstract_Algebra  ",
      "color": {
        "a": 1,
        "rgb": 5431378
      }
    },
    {
      "query": "tag:#Topic/Topology  ",
      "color": {
        "a": 1,
        "rgb": 5431473
      }
    },
    {
      "query": "tag:#Topic/Logic  ",
      "color": {
        "a": 1,
        "rgb": 5419488
      }
    },
    {
      "query": "tag:#Topic/Linear_Algebra  ",
      "color": {
        "a": 1,
        "rgb": 5395168
      }
    },
    {
      "query": "tag:#Topic/Linear_Algebra  ",
      "color": {
        "a": 1,
        "rgb": 11621088
      }
    }
  ],
  "collapse-display": false,
  "showArrow": true,
  "textFadeMultiplier": -3,
  "nodeSizeMultiplier": 1.89280575539568,
  "lineSizeMultiplier": 1.38813549440299,
  "collapse-forces": false,
  "centerStrength": 0.18660583530472,
  "repelStrength": 13.5372310465247,
  "linkStrength": 1,
  "linkDistance": 318,
  "scale": 0.13348388671875,
  "close": true
}