{
  "main": {
    "id": "3eac40b8de7d4365",
    "type": "split",
    "children": [
      {
        "id": "a23283ed67c55b0a",
        "type": "tabs",
        "children": [
          {
            "id": "5a34d5ef8ba985cd",
            "type": "leaf",
            "state": {
              "type": "markdown",
              "state": {
                "file": "GHRP/README.md",
                "mode": "source",
                "source": false
              }
            }
          },
          {
            "id": "c8c691a6cb528303",
            "type": "leaf",
            "state": {
              "type": "markdown",
              "state": {
                "file": "GHRP/README.md",
                "mode": "source",
                "source": false
              }
            }
          }
        ],
        "currentTab": 1
      }
    ],
    "direction": "vertical"
  },
  "left": {
    "id": "9f6bc848ed52b574",
    "type": "split",
    "children": [
      {
        "id": "55192bd038af6910",
        "type": "tabs",
        "children": [
          {
            "id": "31f4a9c285f76059",
            "type": "leaf",
            "state": {
              "type": "file-explorer",
              "state": {
                "sortOrder": "alphabetical"
              }
            }
          },
          {
            "id": "03ced1ad911d62a4",
            "type": "leaf",
            "state": {
              "type": "search",
              "state": {
                "query": "series ",
                "matchingCase": false,
                "explainSearch": false,
                "collapseAll": false,
                "extraContext": false,
                "sortOrder": "alphabetical"
              }
            }
          },
          {
            "id": "8ed9fdeff455fd0e",
            "type": "leaf",
            "state": {
              "type": "bookmarks",
              "state": {}
            }
          },
          {
            "id": "b1eb467695c3455e",
            "type": "leaf",
            "state": {
              "type": "empty",
              "state": {}
            }
          }
        ]
      },
      {
        "id": "a9a75b23abf848b8",
        "type": "tabs",
        "children": [
          {
            "id": "34ec1e43843bc4af",
            "type": "leaf",
            "state": {
              "type": "localgraph",
              "state": {
                "file": "GHRP/README.md",
                "options": {
                  "collapse-filter": true,
                  "search": "",
                  "localJumps": 1,
                  "localBacklinks": true,
                  "localForelinks": true,
                  "localInterlinks": false,
                  "showTags": false,
                  "showAttachments": false,
                  "hideUnresolved": false,
                  "collapse-color-groups": true,
                  "colorGroups": [],
                  "collapse-display": true,
                  "showArrow": false,
                  "textFadeMultiplier": 0,
                  "nodeSizeMultiplier": 1,
                  "lineSizeMultiplier": 1,
                  "collapse-forces": true,
                  "centerStrength": 0.518713248970312,
                  "repelStrength": 10,
                  "linkStrength": 1,
                  "linkDistance": 250,
                  "scale": 1,
                  "close": true
                }
              }
            }
          }
        ]
      }
    ],
    "direction": "horizontal",
    "width": 232.5
  },
  "right": {
    "id": "74f8c2b15cecda97",
    "type": "split",
    "children": [
      {
        "id": "ff1e8da109f0db9c",
        "type": "tabs",
        "children": [
          {
            "id": "802dc8c7235f4ece",
            "type": "leaf",
            "state": {
              "type": "backlink",
              "state": {
                "file": "GHRP/README.md",
                "collapseAll": false,
                "extraContext": false,
                "sortOrder": "alphabetical",
                "showSearch": false,
                "searchQuery": "",
                "backlinkCollapsed": false,
                "unlinkedCollapsed": true
              }
            }
          },
          {
            "id": "c74424f962e3c0ee",
            "type": "leaf",
            "state": {
              "type": "outgoing-link",
              "state": {
                "file": "GHRP/README.md",
                "linksCollapsed": false,
                "unlinkedCollapsed": true
              }
            }
          },
          {
            "id": "43a161ccf345f84d",
            "type": "leaf",
            "state": {
              "type": "tag",
              "state": {
                "sortOrder": "frequency",
                "useHierarchy": true
              }
            }
          },
          {
            "id": "168a2324b427b113",
            "type": "leaf",
            "state": {
              "type": "outline",
              "state": {
                "file": "GHRP/README.md"
              }
            }
          }
        ],
        "currentTab": 3
      }
    ],
    "direction": "horizontal",
    "width": 300,
    "collapsed": true
  },
  "left-ribbon": {
    "hiddenItems": {
      "switcher:Open quick switcher": false,
      "graph:Open graph view": false,
      "canvas:Create new canvas": false,
      "daily-notes:Open today's daily note": false,
      "templates:Insert template": false,
      "command-palette:Open command palette": false,
      "obsidian-git:Open Git source control": false
    }
  },
  "active": "31f4a9c285f76059",
  "lastOpenFiles": [
    "GHRP/GMathWiki",
    "GHRP/TEst.md",
    "GHRP/README.md",
    "GHRP/1.Mathematics wiki/Absolute convergence test for series.md",
    "GHRP",
    "GHRP/4.Others/0.Sidenotes.md",
    "GHRP/4.Others/Activity history.md",
    "GHRP/4.Others/Guidelines for property classification.md",
    "GHRP/4.Others/Latex suit default code.md",
    "GHRP/2.University notes/Lecture notes/Physics I/Physics I, Lecture 1 part 2.md",
    "4.Others/List of habitual tasks for goals.md",
    "4.Others/Random math ideas.md",
    "4.Others/Study route analysis.canvas",
    "4.Others/Video ideas.md",
    "GHRP/2.University notes",
    "GHRP/2.University notes/Lecture notes/Physics I/Physics I, Lecture 1 part 1.md",
    "GHRP/1.Mathematics wiki/First fundamental theorem of calculus.md",
    "GHRP/2.University notes/Lecture notes/Introduction to programming/Introduction to programming, Lecture 1.md",
    "Physics I, Lecture 1 1.md",
    "GHRP/4.Others/Templates/Lecture note.template.md",
    "GHRP/3.Literature/analysis-i-4nbsped-9789811972614-9788195196197_compress.pdf",
    "GHRP/1.Mathematics wiki/Continuity of ax and xp.md",
    "Le theoreme de Cauchy.md",
    "GHRP/1.Mathematics wiki/Bounds on the upper and lower Riemann-Stieltjes integral.md",
    "GHRP/1.Mathematics wiki/Continuity of real valued functions.md",
    "GHRP/1.Mathematics wiki/Bolzano-Weierstrass theorem.md",
    "GHRP/1.Mathematics wiki/Binomial theorem.md",
    "GHRP/1.Mathematics wiki/Binary relations.md",
    "GHRP/1.Mathematics wiki/Absolute values preserve Riemann integrability.md",
    "GHRP/1.Mathematics wiki/Alpha-length of intervals.md",
    "GHRP/4.Others/RS Integral feverdream",
    "5. Riemann-Stieltjes feverdream",
    "GHRP/4.Others/Images/Pasted image 20240924152955.png",
    "GHRP/2.University notes/Lecture notes/Introduction to programming",
    "GHRP/2.University notes/Lecture notes/Physics I",
    "GHRP/2.University notes/Lecture notes/Calculus",
    "GHRP/2.University notes/Lecture notes/Numerical analysis",
    "GHRP/2.University notes/Lecture notes/Linear algebra",
    "GHRP/4.Others/Images/FTWUSk01 1.svg",
    "GHRP/4.Others/Images/FTWUSk01 (1) 1.svg",
    "GHRP/4.Others/Images/FTWUSk01 (1).svg",
    "GHRP/4.Others/Images/FTWUSk01.svg",
    "GHRP/4.Others/Images/Pasted image 20240522191442.png",
    "GHRP/4.Others/Images/Pasted image 20231221000003.png",
    "GHRP/4.Others/Images/angle between graphs3.png",
    "GHRP/4.Others/Images/angle between graphs1.png",
    "GHRP/4.Others/Images/angle between graphs2.png"
  ]
}